{"cameraMode":{"drawMode":0,"name":"Shaded","section":"Shading Mode"},"sceneLighting":true,"audioPlay":false,"sceneViewState":{"m_AlwaysRefresh":false,"showFog":true,"showSkybox":true,"showFlares":true,"showImageEffects":true,"showParticleSystems":true,"showVisualEffectGraphs":true,"m_FxEnabled":true},"in2DMode":false,"pivot":{"x":-0.08197064697742462,"y":0.8691362738609314,"z":-0.22494640946388246},"rotation":{"x":0.04647575318813324,"y":0.017979629337787629,"z":-0.0008366505498997867,"w":0.9987578988075256},"size":0.4317481517791748,"orthographic":true}