{"cameraMode":{"drawMode":0,"name":"Shaded","section":"Shading Mode"},"sceneLighting":true,"audioPlay":false,"sceneViewState":{"m_AlwaysRefresh":false,"showFog":true,"showSkybox":true,"showFlares":true,"showImageEffects":true,"showParticleSystems":true,"showVisualEffectGraphs":true,"m_FxEnabled":true},"in2DMode":false,"pivot":{"x":-0.9024471044540405,"y":1.3029589653015137,"z":-0.1195751428604126},"rotation":{"x":0.10766696184873581,"y":-0.047701697796583179,"z":0.005170244257897139,"w":0.9930346608161926},"size":0.9013499021530151,"orthographic":false}