{"cameraMode":{"drawMode":0,"name":"Shaded","section":"Shading Mode"},"sceneLighting":false,"audioPlay":false,"sceneViewState":{"m_AlwaysRefresh":false,"showFog":true,"showSkybox":false,"showFlares":true,"showImageEffects":true,"showParticleSystems":true,"showVisualEffectGraphs":true,"m_FxEnabled":true},"in2DMode":false,"pivot":{"x":949.8981323242188,"y":1057.076171875,"z":0.23248291015625},"rotation":{"x":-0.0006021918379701674,"y":0.004499873612076044,"z":0.0000026586317289911678,"w":0.9999955296516419},"size":242.5581817626953,"orthographic":false}