{"cameraMode":{"drawMode":0,"name":"Shaded","section":"Shading Mode"},"sceneLighting":false,"audioPlay":false,"sceneViewState":{"m_AlwaysRefresh":false,"showFog":true,"showSkybox":false,"showFlares":true,"showImageEffects":true,"showParticleSystems":true,"showVisualEffectGraphs":true,"m_FxEnabled":true},"in2DMode":false,"pivot":{"x":978.6646118164063,"y":542.5297241210938,"z":-0.089752197265625},"rotation":{"x":-0.0006021918379701674,"y":0.004499873612076044,"z":0.0000026586317289911678,"w":0.9999955296516419},"size":179.53225708007813,"orthographic":false}