{"cameraMode":{"drawMode":0,"name":"Shaded","section":"Shading Mode"},"sceneLighting":false,"audioPlay":false,"sceneViewState":{"m_AlwaysRefresh":false,"showFog":true,"showSkybox":false,"showFlares":true,"showImageEffects":true,"showParticleSystems":true,"showVisualEffectGraphs":true,"m_FxEnabled":true},"in2DMode":false,"pivot":{"x":910.6563110351563,"y":1013.4503784179688,"z":0.5819778442382813},"rotation":{"x":-0.0006021918379701674,"y":0.004499873612076044,"z":0.0000026586317289911678,"w":0.9999955296516419},"size":131.3433074951172,"orthographic":false}